{
    "BEmfConstant": 1.0845476388931274,
    "compatibility": [
        "FOC",
        "sixStep"
    ],
    "description": "Test motor IHM07M1 6P 9V",
    "friction": 1.38,
    "hardwareFamily": "MOTOR",
    "id": "6P_9V_BLDC_Motor",
    "inertia": 0.78,
    "label": "6P_9V_BLDC_Motor",
    "ls": 0.03,
    "magneticStructure": {
        "type": "SM-PMSM"
    },
    "maxRatedSpeed": 5568,
    "nominalCurrent": 1,
    "nominalDCVoltage": 9.498641967773438,
    "polePairs": 6,
    "rs": 0.4732246398925781
}
